{"num": 105, "min_len": 1, "max_len": 79, "mean_len": 9.914285714285715, "min_x": 292.0, "min_y": 4285.277535902826, "max_x": 21446.0, "max_y": 29676.881707632936}